metric,value
mae_kw,2.694277915427108
r2,0.9856517375644236
n_train,3321.0
n_test,831.0
